{
  "display": {
    "icon": {
      "id": "minecraft:warped_fungus_on_a_stick",
      "components": {
        "minecraft:item_model": "jbt:diamond_trowel"
      }
    },
    "title": {
      "translate": "jbt:adv_diamond_trowel_title",
      "fallback": "Texturing Made Easier"
    },
    "description": {
      "translate": "jbt:adv_diamond_trowel_desc",
      "fallback": "Craft a Diamond Trowel"
    },
    "show_toast": true,
    "announce_to_chat": true,
    "hidden": false
  },
  "parent": "jbt.trowel:visible/iron_trowel",
  "criteria": {
    "": {
      "trigger": "minecraft:recipe_crafted",
      "conditions": {
        "recipe_id": "jbt.trowel:diamond_trowel"
      }
    }
  }
}