{
  "display": {
    "icon": {
      "id": "minecraft:warped_fungus_on_a_stick",
      "components": {
        "minecraft:item_model": "jbt:grass_starter"
      }
    },
    "title": {
      "translate": "jbt:adv_grass_starter_title",
      "fallback": "A Green New World"
    },
    "description": {
      "translate": "jbt:adv_grass_starter_desc",
      "fallback": "Craft a Grass Starter"
    },
    "show_toast": true,
    "announce_to_chat": true,
    "hidden": false
  },
  "parent": "jbt.main:visible/root",
  "criteria": {
    "": {
      "trigger": "minecraft:recipe_crafted",
      "conditions": {
        "recipe_id": "jbt.grass_starter:grass_starter"
      }
    }
  }
}