{
  "pools": [
    {
      "rolls": 1,
      "entries": [
        {
          "type": "minecraft:item",
          "name": "minecraft:warped_fungus_on_a_stick",
          "functions": [
            {
              "function": "minecraft:set_components",
              "components": {
                "minecraft:item_name": {"translate":"jbt:bag","fallback":"Mob Bag"},
                "minecraft:item_model": "jbt:mob_bag_empty",
                "minecraft:custom_data": {"jbt_bag":true,"smithed":{"ignore":{"functionality":true,"crafting":true}}}
              }
            }
          ]
        }
      ]
    }
  ]
}